{
  "properties": {
    "connectionReferences": {
      "shared_commondataserviceforapps": {
        "runtimeSource": "embedded",
        "connection": {
          "connectionReferenceLogicalName": "sp_sharedcommondataserviceforapps_9e377"
        },
        "api": {
          "name": "shared_commondataserviceforapps"
        }
      }
    },
    "definition": {
      "$schema": "https://schema.management.azure.com/providers/Microsoft.Logic/schemas/2016-06-01/workflowdefinition.json#",
      "contentVersion": "1.0.0.0",
      "parameters": {
        "$connections": {
          "defaultValue": {},
          "type": "Object"
        },
        "$authentication": {
          "defaultValue": {},
          "type": "SecureObject"
        }
      },
      "triggers": {
        "Observation_Added": {
          "metadata": {
            "operationMetadataId": "122dfdc8-0bd6-4e86-a8a3-7f7eb8883700"
          },
          "type": "OpenApiConnectionWebhook",
          "inputs": {
            "host": {
              "connectionName": "shared_commondataserviceforapps",
              "operationId": "SubscribeWebhookTrigger",
              "apiId": "/providers/Microsoft.PowerApps/apis/shared_commondataserviceforapps"
            },
            "parameters": {
              "subscriptionRequest/message": 1,
              "subscriptionRequest/entityname": "sp_observationphoto",
              "subscriptionRequest/scope": 4
            },
            "authentication": "@parameters('$authentication')"
          }
        }
      },
      "actions": {
        "Get_Team_": {
          "runAfter": {},
          "metadata": {
            "operationMetadataId": "84613494-00e4-44de-89ab-5e380cf27026"
          },
          "type": "OpenApiConnection",
          "inputs": {
            "host": {
              "connectionName": "shared_commondataserviceforapps",
              "operationId": "ListRecords",
              "apiId": "/providers/Microsoft.PowerApps/apis/shared_commondataserviceforapps"
            },
            "parameters": {
              "entityName": "teams",
              "fetchXml": "<fetch version=\"1.0\" output-format=\"xml-platform\" mapping=\"logical\" distinct=\"false\">\n  <entity name=\"team\">\n    <attribute name=\"name\" />\n    <attribute name=\"businessunitid\" />\n    <attribute name=\"teamid\" />\n    <attribute name=\"teamtype\" />\n    <order attribute=\"name\" descending=\"false\" />\n    <filter type=\"and\">\n      <condition attribute=\"name\" operator=\"eq\" value=\"Observation Processing Team\" />\n    </filter>\n  </entity>\n</fetch>"
            },
            "authentication": "@parameters('$authentication')"
          }
        },
        "Condition": {
          "actions": {
            "Compose_Team_Id": {
              "runAfter": {},
              "metadata": {
                "operationMetadataId": "73ece9ff-c811-41b2-bd6c-26db42638e0d"
              },
              "type": "Compose",
              "inputs": "@first(outputs('Get_Team_')?['body/value'])['teamid']"
            },
            "Update_a_row": {
              "runAfter": {
                "Compose_Team_Id": [
                  "Succeeded"
                ]
              },
              "metadata": {
                "operationMetadataId": "c23e5893-c63a-4717-9d60-4e79aa220650"
              },
              "type": "OpenApiConnection",
              "inputs": {
                "host": {
                  "connectionName": "shared_commondataserviceforapps",
                  "operationId": "UpdateRecord",
                  "apiId": "/providers/Microsoft.PowerApps/apis/shared_commondataserviceforapps"
                },
                "parameters": {
                  "entityName": "sp_observationphotos",
                  "recordId": "@triggerOutputs()?['body/sp_observationphotoid']",
                  "item/ownerid@odata.bind": "teams(@{outputs('Compose_Team_Id')})"
                },
                "authentication": "@parameters('$authentication')"
              }
            }
          },
          "runAfter": {
            "Get_Team_": [
              "Succeeded"
            ]
          },
          "expression": {
            "greater": [
              "@length(outputs('Get_Team_')?['body/value'])",
              "@int(0)"
            ]
          },
          "metadata": {
            "operationMetadataId": "e14b74f6-dfbd-4efa-87d9-dec9509a3f3d"
          },
          "type": "If"
        }
      }
    },
    "templateName": ""
  },
  "schemaVersion": "1.0.0.0"
}