<ImportExportXml version="9.2.24103.186" SolutionPackageVersion="9.2" languagecode="1033" generatedBy="CrmLive" xmlns:xsi="http://www.w3.org/2001/XMLSchema-instance" OrganizationVersion="9.2.24103.186" OrganizationSchemaType="Full" CRMServerServiceabilityVersion="9.2.24103.00192">
  <SolutionManifest>
    <UniqueName>TransportForLondonImplimentation</UniqueName>
    <LocalizedNames>
      <LocalizedName description="Transport For London Implementation" languagecode="1033" />
    </LocalizedNames>
    <Descriptions />
    <Version>0.0.0.15</Version>
    <Managed>0</Managed>
    <Publisher>
      <UniqueName>spdevelopers</UniqueName>
      <LocalizedNames>
        <LocalizedName description="SP Publisher" languagecode="1033" />
      </LocalizedNames>
      <Descriptions />
      <EMailAddress xsi:nil="true"></EMailAddress>
      <SupportingWebsiteUrl xsi:nil="true"></SupportingWebsiteUrl>
      <CustomizationPrefix>sp</CustomizationPrefix>
      <CustomizationOptionValuePrefix>77839</CustomizationOptionValuePrefix>
      <Addresses>
        <Address>
          <AddressNumber>1</AddressNumber>
          <AddressTypeCode>1</AddressTypeCode>
          <City xsi:nil="true"></City>
          <County xsi:nil="true"></County>
          <Country xsi:nil="true"></Country>
          <Fax xsi:nil="true"></Fax>
          <FreightTermsCode xsi:nil="true"></FreightTermsCode>
          <ImportSequenceNumber xsi:nil="true"></ImportSequenceNumber>
          <Latitude xsi:nil="true"></Latitude>
          <Line1 xsi:nil="true"></Line1>
          <Line2 xsi:nil="true"></Line2>
          <Line3 xsi:nil="true"></Line3>
          <Longitude xsi:nil="true"></Longitude>
          <Name xsi:nil="true"></Name>
          <PostalCode xsi:nil="true"></PostalCode>
          <PostOfficeBox xsi:nil="true"></PostOfficeBox>
          <PrimaryContactName xsi:nil="true"></PrimaryContactName>
          <ShippingMethodCode>1</ShippingMethodCode>
          <StateOrProvince xsi:nil="true"></StateOrProvince>
          <Telephone1 xsi:nil="true"></Telephone1>
          <Telephone2 xsi:nil="true"></Telephone2>
          <Telephone3 xsi:nil="true"></Telephone3>
          <TimeZoneRuleVersionNumber xsi:nil="true"></TimeZoneRuleVersionNumber>
          <UPSZone xsi:nil="true"></UPSZone>
          <UTCOffset xsi:nil="true"></UTCOffset>
          <UTCConversionTimeZoneCode xsi:nil="true"></UTCConversionTimeZoneCode>
        </Address>
        <Address>
          <AddressNumber>2</AddressNumber>
          <AddressTypeCode>1</AddressTypeCode>
          <City xsi:nil="true"></City>
          <County xsi:nil="true"></County>
          <Country xsi:nil="true"></Country>
          <Fax xsi:nil="true"></Fax>
          <FreightTermsCode xsi:nil="true"></FreightTermsCode>
          <ImportSequenceNumber xsi:nil="true"></ImportSequenceNumber>
          <Latitude xsi:nil="true"></Latitude>
          <Line1 xsi:nil="true"></Line1>
          <Line2 xsi:nil="true"></Line2>
          <Line3 xsi:nil="true"></Line3>
          <Longitude xsi:nil="true"></Longitude>
          <Name xsi:nil="true"></Name>
          <PostalCode xsi:nil="true"></PostalCode>
          <PostOfficeBox xsi:nil="true"></PostOfficeBox>
          <PrimaryContactName xsi:nil="true"></PrimaryContactName>
          <ShippingMethodCode>1</ShippingMethodCode>
          <StateOrProvince xsi:nil="true"></StateOrProvince>
          <Telephone1 xsi:nil="true"></Telephone1>
          <Telephone2 xsi:nil="true"></Telephone2>
          <Telephone3 xsi:nil="true"></Telephone3>
          <TimeZoneRuleVersionNumber xsi:nil="true"></TimeZoneRuleVersionNumber>
          <UPSZone xsi:nil="true"></UPSZone>
          <UTCOffset xsi:nil="true"></UTCOffset>
          <UTCConversionTimeZoneCode xsi:nil="true"></UTCConversionTimeZoneCode>
        </Address>
      </Addresses>
    </Publisher>
    <RootComponents>
      <RootComponent type="1" schemaName="incident" behavior="2" />
      <RootComponent type="1" schemaName="sp_observation" behavior="0" />
      <RootComponent type="1" schemaName="sp_observationphoto" behavior="0" />
      <RootComponent type="9" schemaName="incident_caseorigincode" behavior="0" />
      <RootComponent type="20" id="{8552251d-df99-ef11-8a69-000d3ac9a3c0}" behavior="0" />
      <RootComponent type="20" id="{dc0535e3-c999-ef11-8a69-000d3ac9a3c0}" behavior="0" />
      <RootComponent type="29" id="{10605db1-2099-ef11-8a69-000d3ac9a3c0}" behavior="0" />
      <RootComponent type="29" id="{b1a59a23-c593-ef11-8a68-000d3ac9a3c0}" behavior="0" />
      <RootComponent type="29" id="{d4f06a31-4194-ef11-8a68-000d3ac9a3c0}" behavior="0" />
      <RootComponent type="61" schemaName="sp_Observation" behavior="0" />
      <RootComponent type="62" schemaName="sp_TFLObservation" behavior="0" />
      <RootComponent type="80" schemaName="sp_TFLObservation" behavior="0" />
      <RootComponent type="91" id="{cc212105-6c7c-43be-a34d-457cd2f22ddb}" schemaName="TFL.PlugIns.ObservationPhotos, Version=1.0.0.0, Culture=neutral, PublicKeyToken=65b027d0070ce343" behavior="0" />
      <RootComponent type="92" id="{bc9b737b-2b96-ef11-8a68-000d3ac9a3c0}" behavior="0" />
      <RootComponent type="92" id="{fbaa7e4b-6495-ef11-8a68-000d3ac9a3c0}" behavior="0" />
      <RootComponent type="300" schemaName="sp_captureobservation_94ac4" behavior="0" />
      <RootComponent type="431" schemaName="sp_observationphoto sp_photo" behavior="0" />
      <RootComponent type="432" schemaName="sp_observationphoto" behavior="0" />
    </RootComponents>
    <MissingDependencies>
      <MissingDependency>
        <Required type="1" schemaName="contract" displayName="Contract" solution="msdynce_Service (9.0.5.56)">
          <package>msdynce_ServiceAnchor (9.0.24102.1002)</package>
        </Required>
        <Dependent type="60" displayName="Case Observation " parentDisplayName="Case" id="{8fa192dc-bf93-ef11-8a68-000d3ac9a3c0}" />
      </MissingDependency>
      <MissingDependency>
        <Required type="1" schemaName="incident" displayName="Case" solution="msdynce_Service (9.0.5.56)">
          <package>msdynce_ServiceAnchor (9.0.24102.1002)</package>
        </Required>
        <Dependent type="1" schemaName="incident" displayName="Case" />
      </MissingDependency>
      <MissingDependency>
        <Required type="1" schemaName="incident" displayName="Case" solution="msdynce_Service (9.0.5.56)">
          <package>msdynce_ServiceAnchor (9.0.24102.1002)</package>
        </Required>
        <Dependent type="2" schemaName="sp_observationid" displayName="Observation ID" parentSchemaName="incident" parentDisplayName="Case" />
      </MissingDependency>
      <MissingDependency>
        <Required type="1" schemaName="incident" displayName="Case" solution="msdynce_Service (9.0.5.56)">
          <package>msdynce_ServiceAnchor (9.0.24102.1002)</package>
        </Required>
        <Dependent type="29" displayName="Cases - Send Email For Escalated Observation" id="{b1a59a23-c593-ef11-8a68-000d3ac9a3c0}" />
      </MissingDependency>
      <MissingDependency>
        <Required type="1" schemaName="incident" displayName="Case" solution="msdynce_Service (9.0.5.56)">
          <package>msdynce_ServiceAnchor (9.0.24102.1002)</package>
        </Required>
        <Dependent type="60" displayName="Case Observation " parentDisplayName="Case" id="{8fa192dc-bf93-ef11-8a68-000d3ac9a3c0}" />
      </MissingDependency>
      <MissingDependency>
        <Required type="1" schemaName="incident" displayName="Case" solution="msdynce_Service (9.0.5.56)">
          <package>msdynce_ServiceAnchor (9.0.24102.1002)</package>
        </Required>
        <Dependent type="62" schemaName="sp_TFLObservation" />
      </MissingDependency>
      <MissingDependency>
        <Required type="1" schemaName="incident" displayName="Case" solution="msdynce_Service (9.0.5.56)">
          <package>msdynce_ServiceAnchor (9.0.24102.1002)</package>
        </Required>
        <Dependent type="80" schemaName="sp_TFLObservation" displayName="TFL Network" />
      </MissingDependency>
      <MissingDependency>
        <Required type="1" schemaName="knowledgearticleincident" displayName="Knowledge Article Incident" solution="msdynce_Service (9.0.5.56)">
          <package>msdynce_ServiceAnchor (9.0.24102.1002)</package>
        </Required>
        <Dependent type="60" displayName="Case Observation " parentDisplayName="Case" id="{8fa192dc-bf93-ef11-8a68-000d3ac9a3c0}" />
      </MissingDependency>
      <MissingDependency>
        <Required type="2" schemaName="blockedprofile" displayName="Blocked Profile" parentSchemaName="incident" parentDisplayName="Case" solution="msdynce_Service (9.0.5.56)">
          <package>msdynce_ServiceAnchor (9.0.24102.1002)</package>
        </Required>
        <Dependent type="60" displayName="Case Observation " parentDisplayName="Case" id="{8fa192dc-bf93-ef11-8a68-000d3ac9a3c0}" />
      </MissingDependency>
      <MissingDependency>
        <Required type="2" schemaName="caseorigincode" displayName="Origin" parentSchemaName="incident" parentDisplayName="Case" solution="msdynce_Service (9.0.5.56)">
          <package>msdynce_ServiceAnchor (9.0.24102.1002)</package>
        </Required>
        <Dependent type="2" schemaName="caseorigincode" displayName="Origin" parentSchemaName="incident" parentDisplayName="Case" />
      </MissingDependency>
      <MissingDependency>
        <Required type="2" schemaName="caseorigincode" displayName="Origin" parentSchemaName="incident" parentDisplayName="Case" solution="msdynce_Service (9.0.5.56)">
          <package>msdynce_ServiceAnchor (9.0.24102.1002)</package>
        </Required>
        <Dependent type="60" displayName="Case Observation " parentDisplayName="Case" id="{8fa192dc-bf93-ef11-8a68-000d3ac9a3c0}" />
      </MissingDependency>
      <MissingDependency>
        <Required type="2" schemaName="casetypecode" displayName="Case Type" parentSchemaName="incident" parentDisplayName="Case" solution="msdynce_Service (9.0.5.56)">
          <package>msdynce_ServiceAnchor (9.0.24102.1002)</package>
        </Required>
        <Dependent type="60" displayName="Case Observation " parentDisplayName="Case" id="{8fa192dc-bf93-ef11-8a68-000d3ac9a3c0}" />
      </MissingDependency>
      <MissingDependency>
        <Required type="2" schemaName="contractdetailid" displayName="Contract Line" parentSchemaName="incident" parentDisplayName="Case" solution="msdynce_Service (9.0.5.56)">
          <package>msdynce_ServiceAnchor (9.0.24102.1002)</package>
        </Required>
        <Dependent type="60" displayName="Case Observation " parentDisplayName="Case" id="{8fa192dc-bf93-ef11-8a68-000d3ac9a3c0}" />
      </MissingDependency>
      <MissingDependency>
        <Required type="2" schemaName="contractid" displayName="Contract" parentSchemaName="incident" parentDisplayName="Case" solution="msdynce_Service (9.0.5.56)">
          <package>msdynce_ServiceAnchor (9.0.24102.1002)</package>
        </Required>
        <Dependent type="60" displayName="Case Observation " parentDisplayName="Case" id="{8fa192dc-bf93-ef11-8a68-000d3ac9a3c0}" />
      </MissingDependency>
      <MissingDependency>
        <Required type="2" schemaName="contractservicelevelcode" displayName="Service Level" parentSchemaName="incident" parentDisplayName="Case" solution="msdynce_Service (9.0.5.56)">
          <package>msdynce_ServiceAnchor (9.0.24102.1002)</package>
        </Required>
        <Dependent type="60" displayName="Case Observation " parentDisplayName="Case" id="{8fa192dc-bf93-ef11-8a68-000d3ac9a3c0}" />
      </MissingDependency>
      <MissingDependency>
        <Required type="2" schemaName="createdon" displayName="Created On" parentSchemaName="incident" parentDisplayName="Case" solution="msdynce_Service (9.0.5.56)">
          <package>msdynce_ServiceAnchor (9.0.24102.1002)</package>
        </Required>
        <Dependent type="60" displayName="Case Observation " parentDisplayName="Case" id="{8fa192dc-bf93-ef11-8a68-000d3ac9a3c0}" />
      </MissingDependency>
      <MissingDependency>
        <Required type="2" schemaName="customerid" displayName="Customer" parentSchemaName="incident" parentDisplayName="Case" solution="msdynce_Service (9.0.5.56)">
          <package>msdynce_ServiceAnchor (9.0.24102.1002)</package>
        </Required>
        <Dependent type="60" displayName="Case Observation " parentDisplayName="Case" id="{8fa192dc-bf93-ef11-8a68-000d3ac9a3c0}" />
      </MissingDependency>
      <MissingDependency>
        <Required type="2" schemaName="description" displayName="Description" parentSchemaName="incident" parentDisplayName="Case" solution="msdynce_Service (9.0.5.56)">
          <package>msdynce_ServiceAnchor (9.0.24102.1002)</package>
        </Required>
        <Dependent type="60" displayName="Case Observation " parentDisplayName="Case" id="{8fa192dc-bf93-ef11-8a68-000d3ac9a3c0}" />
      </MissingDependency>
      <MissingDependency>
        <Required type="2" schemaName="escalatedon" displayName="Escalated On" parentSchemaName="incident" parentDisplayName="Case" solution="msdynce_Service (9.0.5.56)">
          <package>msdynce_ServiceAnchor (9.0.24102.1002)</package>
        </Required>
        <Dependent type="60" displayName="Case Observation " parentDisplayName="Case" id="{8fa192dc-bf93-ef11-8a68-000d3ac9a3c0}" />
      </MissingDependency>
      <MissingDependency>
        <Required type="2" schemaName="firstresponsebykpiid" displayName="First Response By KPI" parentSchemaName="incident" parentDisplayName="Case" solution="msdynce_Service (9.0.5.56)">
          <package>msdynce_ServiceAnchor (9.0.24102.1002)</package>
        </Required>
        <Dependent type="60" displayName="Case Observation " parentDisplayName="Case" id="{8fa192dc-bf93-ef11-8a68-000d3ac9a3c0}" />
      </MissingDependency>
      <MissingDependency>
        <Required type="2" schemaName="firstresponsesent" displayName="First Response Sent" parentSchemaName="incident" parentDisplayName="Case" solution="msdynce_Service (9.0.5.56)">
          <package>msdynce_ServiceAnchor (9.0.24102.1002)</package>
        </Required>
        <Dependent type="60" displayName="Case Observation " parentDisplayName="Case" id="{8fa192dc-bf93-ef11-8a68-000d3ac9a3c0}" />
      </MissingDependency>
      <MissingDependency>
        <Required type="2" schemaName="followupby" displayName="Follow Up By" parentSchemaName="incident" parentDisplayName="Case" solution="msdynce_Service (9.0.5.56)">
          <package>msdynce_ServiceAnchor (9.0.24102.1002)</package>
        </Required>
        <Dependent type="60" displayName="Case Observation " parentDisplayName="Case" id="{8fa192dc-bf93-ef11-8a68-000d3ac9a3c0}" />
      </MissingDependency>
      <MissingDependency>
        <Required type="2" schemaName="incidentid" displayName="Case" parentSchemaName="incident" parentDisplayName="Case" solution="msdynce_Service (9.0.5.56)">
          <package>msdynce_ServiceAnchor (9.0.24102.1002)</package>
        </Required>
        <Dependent type="60" displayName="Case Observation " parentDisplayName="Case" id="{8fa192dc-bf93-ef11-8a68-000d3ac9a3c0}" />
      </MissingDependency>
      <MissingDependency>
        <Required type="2" schemaName="influencescore" displayName="Influence Score" parentSchemaName="incident" parentDisplayName="Case" solution="msdynce_Service (9.0.5.56)">
          <package>msdynce_ServiceAnchor (9.0.24102.1002)</package>
        </Required>
        <Dependent type="60" displayName="Case Observation " parentDisplayName="Case" id="{8fa192dc-bf93-ef11-8a68-000d3ac9a3c0}" />
      </MissingDependency>
      <MissingDependency>
        <Required type="2" schemaName="isescalated" displayName="Is Escalated" parentSchemaName="incident" parentDisplayName="Case" solution="msdynce_Service (9.0.5.56)">
          <package>msdynce_ServiceAnchor (9.0.24102.1002)</package>
        </Required>
        <Dependent type="60" displayName="Case Observation " parentDisplayName="Case" id="{8fa192dc-bf93-ef11-8a68-000d3ac9a3c0}" />
      </MissingDependency>
      <MissingDependency>
        <Required type="2" schemaName="kbarticleid" displayName="Knowledge Base Article" parentSchemaName="incident" parentDisplayName="Case" solution="msdynce_Service (9.0.5.56)">
          <package>msdynce_ServiceAnchor (9.0.24102.1002)</package>
        </Required>
        <Dependent type="60" displayName="Case Observation " parentDisplayName="Case" id="{8fa192dc-bf93-ef11-8a68-000d3ac9a3c0}" />
      </MissingDependency>
      <MissingDependency>
        <Required type="2" schemaName="messagetypecode" displayName="Received As" parentSchemaName="incident" parentDisplayName="Case" solution="msdynce_Service (9.0.5.56)">
          <package>msdynce_ServiceAnchor (9.0.24102.1002)</package>
        </Required>
        <Dependent type="60" displayName="Case Observation " parentDisplayName="Case" id="{8fa192dc-bf93-ef11-8a68-000d3ac9a3c0}" />
      </MissingDependency>
      <MissingDependency>
        <Required type="2" schemaName="ownerid" displayName="Owner" parentSchemaName="incident" parentDisplayName="Case" solution="msdynce_Service (9.0.5.56)">
          <package>msdynce_ServiceAnchor (9.0.24102.1002)</package>
        </Required>
        <Dependent type="60" displayName="Case Observation " parentDisplayName="Case" id="{8fa192dc-bf93-ef11-8a68-000d3ac9a3c0}" />
      </MissingDependency>
      <MissingDependency>
        <Required type="2" schemaName="parentcaseid" displayName="Parent Case" parentSchemaName="incident" parentDisplayName="Case" solution="msdynce_Service (9.0.5.56)">
          <package>msdynce_ServiceAnchor (9.0.24102.1002)</package>
        </Required>
        <Dependent type="60" displayName="Case Observation " parentDisplayName="Case" id="{8fa192dc-bf93-ef11-8a68-000d3ac9a3c0}" />
      </MissingDependency>
      <MissingDependency>
        <Required type="2" schemaName="primarycontactid" displayName="Contact" parentSchemaName="incident" parentDisplayName="Case" solution="msdynce_Service (9.0.5.56)">
          <package>msdynce_ServiceAnchor (9.0.24102.1002)</package>
        </Required>
        <Dependent type="60" displayName="Case Observation " parentDisplayName="Case" id="{8fa192dc-bf93-ef11-8a68-000d3ac9a3c0}" />
      </MissingDependency>
      <MissingDependency>
        <Required type="2" schemaName="prioritycode" displayName="Priority" parentSchemaName="incident" parentDisplayName="Case" solution="msdynce_Service (9.0.5.56)">
          <package>msdynce_ServiceAnchor (9.0.24102.1002)</package>
        </Required>
        <Dependent type="60" displayName="Case Observation " parentDisplayName="Case" id="{8fa192dc-bf93-ef11-8a68-000d3ac9a3c0}" />
      </MissingDependency>
      <MissingDependency>
        <Required type="2" schemaName="productid" displayName="Product" parentSchemaName="incident" parentDisplayName="Case" solution="msdynce_Service (9.0.5.56)">
          <package>msdynce_ServiceAnchor (9.0.24102.1002)</package>
        </Required>
        <Dependent type="60" displayName="Case Observation " parentDisplayName="Case" id="{8fa192dc-bf93-ef11-8a68-000d3ac9a3c0}" />
      </MissingDependency>
      <MissingDependency>
        <Required type="2" schemaName="productserialnumber" displayName="Serial Number" parentSchemaName="incident" parentDisplayName="Case" solution="msdynce_Service (9.0.5.56)">
          <package>msdynce_ServiceAnchor (9.0.24102.1002)</package>
        </Required>
        <Dependent type="60" displayName="Case Observation " parentDisplayName="Case" id="{8fa192dc-bf93-ef11-8a68-000d3ac9a3c0}" />
      </MissingDependency>
      <MissingDependency>
        <Required type="2" schemaName="resolveby" displayName="Resolve By" parentSchemaName="incident" parentDisplayName="Case" solution="msdynce_Service (9.0.5.56)">
          <package>msdynce_ServiceAnchor (9.0.24102.1002)</package>
        </Required>
        <Dependent type="60" displayName="Case Observation " parentDisplayName="Case" id="{8fa192dc-bf93-ef11-8a68-000d3ac9a3c0}" />
      </MissingDependency>
      <MissingDependency>
        <Required type="2" schemaName="resolvebykpiid" displayName="Resolve By KPI" parentSchemaName="incident" parentDisplayName="Case" solution="msdynce_Service (9.0.5.56)">
          <package>msdynce_ServiceAnchor (9.0.24102.1002)</package>
        </Required>
        <Dependent type="60" displayName="Case Observation " parentDisplayName="Case" id="{8fa192dc-bf93-ef11-8a68-000d3ac9a3c0}" />
      </MissingDependency>
      <MissingDependency>
        <Required type="2" schemaName="responseby" displayName="First Response By" parentSchemaName="incident" parentDisplayName="Case" solution="msdynce_Service (9.0.5.56)">
          <package>msdynce_ServiceAnchor (9.0.24102.1002)</package>
        </Required>
        <Dependent type="60" displayName="Case Observation " parentDisplayName="Case" id="{8fa192dc-bf93-ef11-8a68-000d3ac9a3c0}" />
      </MissingDependency>
      <MissingDependency>
        <Required type="2" schemaName="routecase" displayName="Route Case" parentSchemaName="incident" parentDisplayName="Case" solution="msdynce_Service (9.0.5.56)">
          <package>msdynce_ServiceAnchor (9.0.24102.1002)</package>
        </Required>
        <Dependent type="60" displayName="Case Observation " parentDisplayName="Case" id="{8fa192dc-bf93-ef11-8a68-000d3ac9a3c0}" />
      </MissingDependency>
      <MissingDependency>
        <Required type="2" schemaName="sentimentvalue" displayName="Sentiment Value" parentSchemaName="incident" parentDisplayName="Case" solution="msdynce_Service (9.0.5.56)">
          <package>msdynce_ServiceAnchor (9.0.24102.1002)</package>
        </Required>
        <Dependent type="60" displayName="Case Observation " parentDisplayName="Case" id="{8fa192dc-bf93-ef11-8a68-000d3ac9a3c0}" />
      </MissingDependency>
      <MissingDependency>
        <Required type="2" schemaName="socialprofileid" displayName="Social Profile" parentSchemaName="incident" parentDisplayName="Case" solution="msdynce_Service (9.0.5.56)">
          <package>msdynce_ServiceAnchor (9.0.24102.1002)</package>
        </Required>
        <Dependent type="60" displayName="Case Observation " parentDisplayName="Case" id="{8fa192dc-bf93-ef11-8a68-000d3ac9a3c0}" />
      </MissingDependency>
      <MissingDependency>
        <Required type="2" schemaName="statuscode" displayName="Status Reason" parentSchemaName="incident" parentDisplayName="Case" solution="msdynce_Service (9.0.5.56)">
          <package>msdynce_ServiceAnchor (9.0.24102.1002)</package>
        </Required>
        <Dependent type="60" displayName="Case Observation " parentDisplayName="Case" id="{8fa192dc-bf93-ef11-8a68-000d3ac9a3c0}" />
      </MissingDependency>
      <MissingDependency>
        <Required type="2" schemaName="ticketnumber" displayName="Case Number" parentSchemaName="incident" parentDisplayName="Case" solution="msdynce_Service (9.0.5.56)">
          <package>msdynce_ServiceAnchor (9.0.24102.1002)</package>
        </Required>
        <Dependent type="60" displayName="Case Observation " parentDisplayName="Case" id="{8fa192dc-bf93-ef11-8a68-000d3ac9a3c0}" />
      </MissingDependency>
      <MissingDependency>
        <Required type="2" schemaName="title" displayName="Case Title" parentSchemaName="incident" parentDisplayName="Case" solution="msdynce_Service (9.0.5.56)">
          <package>msdynce_ServiceAnchor (9.0.24102.1002)</package>
        </Required>
        <Dependent type="60" displayName="Case Observation " parentDisplayName="Case" id="{8fa192dc-bf93-ef11-8a68-000d3ac9a3c0}" />
      </MissingDependency>
      <MissingDependency>
        <Required type="2" schemaName="traversedpath" displayName="(Deprecated) Traversed Path" parentSchemaName="incident" parentDisplayName="Case" solution="msdynce_Service (9.0.5.56)">
          <package>msdynce_ServiceAnchor (9.0.24102.1002)</package>
        </Required>
        <Dependent type="60" displayName="Case Observation " parentDisplayName="Case" id="{8fa192dc-bf93-ef11-8a68-000d3ac9a3c0}" />
      </MissingDependency>
      <MissingDependency>
        <Required type="26" schemaName="All Cases" displayName="All Cases" parentSchemaName="incident" parentDisplayName="Case" solution="msdynce_Service (9.0.5.56)" id="{00000000-0000-0000-00aa-000010001030}">
          <package>msdynce_ServiceAnchor (9.0.24102.1002)</package>
        </Required>
        <Dependent type="80" schemaName="sp_TFLObservation" displayName="TFL Network" />
      </MissingDependency>
      <MissingDependency>
        <Required type="26" schemaName="Active Cases" displayName="Active Cases" parentSchemaName="incident" parentDisplayName="Case" solution="msdynce_Service (9.0.5.56)" id="{00000000-0000-0000-00aa-000010001032}">
          <package>msdynce_ServiceAnchor (9.0.24102.1002)</package>
        </Required>
        <Dependent type="80" schemaName="sp_TFLObservation" displayName="TFL Network" />
      </MissingDependency>
      <MissingDependency>
        <Required type="26" schemaName="Associated Knowledge Records View" displayName="Associated Knowledge Records View" parentSchemaName="knowledgearticleincident" parentDisplayName="Knowledge Article Incident" solution="msdynce_Service (9.0.5.56)" id="{4ce7d553-9bba-4d8f-b209-899af9d3937c}">
          <package>msdynce_ServiceAnchor (9.0.24102.1002)</package>
        </Required>
        <Dependent type="60" displayName="Case Observation " parentDisplayName="Case" id="{8fa192dc-bf93-ef11-8a68-000d3ac9a3c0}" />
      </MissingDependency>
      <MissingDependency>
        <Required type="26" schemaName="Active Products Lookup View" displayName="Active Products Lookup View" parentSchemaName="product" parentDisplayName="Product" solution="msdynce_ProductManagement (9.0.4.0066)" id="{58afc3c5-8add-4552-98cb-473bc8f75619}">
          <package>msdynce_ProductManagementAnchor (9.0.24102.10007)</package>
        </Required>
        <Dependent type="60" displayName="Case Observation " parentDisplayName="Case" id="{8fa192dc-bf93-ef11-8a68-000d3ac9a3c0}" />
      </MissingDependency>
      <MissingDependency>
        <Required type="26" schemaName="Active Contracts" displayName="Active Contracts" parentSchemaName="contract" parentDisplayName="Contract" solution="msdynce_Service (9.0.5.56)" id="{646de3ee-ebfb-4d19-8a44-4a619505e188}">
          <package>msdynce_ServiceAnchor (9.0.24102.1002)</package>
        </Required>
        <Dependent type="60" displayName="Case Observation " parentDisplayName="Case" id="{8fa192dc-bf93-ef11-8a68-000d3ac9a3c0}" />
      </MissingDependency>
      <MissingDependency>
        <Required type="26" schemaName="Associated Cases" displayName="Associated Cases" parentSchemaName="incident" parentDisplayName="Case" solution="msdynce_Service (9.0.5.56)" id="{72210bbb-d9d5-42df-8efd-39395a3cd7a7}">
          <package>msdynce_ServiceAnchor (9.0.24102.1002)</package>
        </Required>
        <Dependent type="60" displayName="Case Observation " parentDisplayName="Case" id="{8fa192dc-bf93-ef11-8a68-000d3ac9a3c0}" />
      </MissingDependency>
      <MissingDependency>
        <Required type="26" schemaName="Contract Line With Allotments" displayName="Contract Line With Allotments" parentSchemaName="contractdetail" parentDisplayName="Contract Line" solution="msdynce_Service (9.0.5.56)" id="{8fa2705c-7e4c-4c0e-b611-4593b35a4c9e}">
          <package>msdynce_ServiceAnchor (9.0.24102.1002)</package>
        </Required>
        <Dependent type="60" displayName="Case Observation " parentDisplayName="Case" id="{8fa192dc-bf93-ef11-8a68-000d3ac9a3c0}" />
      </MissingDependency>
      <MissingDependency>
        <Required type="60" displayName="Resolve By SLA" parentDisplayName="SLA KPI Instance" solution="msdynce_ServiceLevelAgreement (9.0.24102.2001)" id="{19b14c51-3d43-4d56-ab34-49c540bf468c}">
          <package>msdynce_ServiceLevelAgreementAnchor (9.0.24102.2001)</package>
        </Required>
        <Dependent type="60" displayName="Case Observation " parentDisplayName="Case" id="{8fa192dc-bf93-ef11-8a68-000d3ac9a3c0}" />
      </MissingDependency>
      <MissingDependency>
        <Required type="60" displayName="contact card" parentDisplayName="Contact" solution="msdynce_AppCommon (9.0.4.0066)" id="{707fc57b-c5e6-471b-a180-e37ed28a38e2}">
          <package>msdynce_AppCommonAnchor (9.0.24102.10001)</package>
        </Required>
        <Dependent type="60" displayName="Case Observation " parentDisplayName="Case" id="{8fa192dc-bf93-ef11-8a68-000d3ac9a3c0}" />
      </MissingDependency>
      <MissingDependency>
        <Required type="60" displayName="account card" parentDisplayName="Account" solution="msdynce_AppCommon (9.0.4.0066)" id="{b028db32-3619-48a5-ac51-cf3f947b0ef3}">
          <package>msdynce_AppCommonAnchor (9.0.24102.10001)</package>
        </Required>
        <Dependent type="60" displayName="Case Observation " parentDisplayName="Case" id="{8fa192dc-bf93-ef11-8a68-000d3ac9a3c0}" />
      </MissingDependency>
      <MissingDependency>
        <Required type="60" displayName="First Response SLA" parentDisplayName="SLA KPI Instance" solution="msdynce_ServiceLevelAgreement (9.0.24102.2001)" id="{ede9dac3-e143-4be4-acc8-237309e31210}">
          <package>msdynce_ServiceLevelAgreementAnchor (9.0.24102.2001)</package>
        </Required>
        <Dependent type="60" displayName="Case Observation " parentDisplayName="Case" id="{8fa192dc-bf93-ef11-8a68-000d3ac9a3c0}" />
      </MissingDependency>
      <MissingDependency>
        <Required type="61" schemaName="msdyn_/Images/AppModule_Default_Icon.png" displayName="msdyn_/Images/AppModule_Default_Icon.png" solution="AppModuleWebResources (2.5)" />
        <Dependent type="80" schemaName="sp_TFLObservation" displayName="TFL Network" />
      </MissingDependency>
      <MissingDependency>
        <Required type="61" schemaName="msdyn_CopilotCaseSummaryLibrary.js" displayName="msdyn_CopilotCaseSummaryLibrary.js" solution="msdyn_CSIntelligence (9.2.24102.1059)">
          <package>msdyn_ServiceIntelligenceAnchor (9.2.24102.1059)</package>
        </Required>
        <Dependent type="60" displayName="Case Observation " parentDisplayName="Case" id="{8fa192dc-bf93-ef11-8a68-000d3ac9a3c0}" />
      </MissingDependency>
      <MissingDependency>
        <Required type="66" schemaName="MscrmControls.CardFeedContainer.CardFeedContainer" displayName="MscrmControls.CardFeedContainer.CardFeedContainer" solution="BaseCustomControlsCore (9.0.2410.3010)">
          <package>BaseCustomControlsCore (9.0.2410.3010)</package>
        </Required>
        <Dependent type="60" displayName="Case Observation " parentDisplayName="Case" id="{8fa192dc-bf93-ef11-8a68-000d3ac9a3c0}" />
      </MissingDependency>
      <MissingDependency>
        <Required type="66" schemaName="MscrmControls.CSIntelligence.CopilotCaseSummaryControl" displayName="MscrmControls.CSIntelligence.CopilotCaseSummaryControl" solution="msdyn_CSIntelligence (9.2.24102.1059)">
          <package>msdyn_ServiceIntelligenceAnchor (9.2.24102.1059)</package>
        </Required>
        <Dependent type="60" displayName="Case Observation " parentDisplayName="Case" id="{8fa192dc-bf93-ef11-8a68-000d3ac9a3c0}" />
      </MissingDependency>
      <MissingDependency>
        <Required type="66" schemaName="MscrmControls.FieldControls.ToggleControl" displayName="MscrmControls.FieldControls.ToggleControl" solution="BaseCustomControlsCore (9.0.2410.3010)">
          <package>BaseCustomControlsCore (9.0.2410.3010)</package>
        </Required>
        <Dependent type="60" displayName="Information" parentDisplayName="Observation" id="{02961f3c-7724-4235-be0b-406b91999e6c}" />
      </MissingDependency>
      <MissingDependency>
        <Required type="9" schemaName="incident_caseorigincode" displayName="Case Origin" solution="msdynce_Service (9.0.5.56)">
          <package>msdynce_ServiceAnchor (9.0.24102.1002)</package>
        </Required>
        <Dependent type="9" schemaName="incident_caseorigincode" displayName="Case Origin" />
      </MissingDependency>
      <MissingDependency>
        <Required type="SettingDefinition" displayName="AppChannel" solution="msdyn_AppFrameworkInfraExtensions (1.0.0.12)" id.uniquename="AppChannel">
          <package>PowerAppsAppFramework_Anchor (1.0.0.16)</package>
        </Required>
        <Dependent type="AppSetting" displayName="parentappmoduleid.uniquename=sp_TFLObservation,settingdefinitionid.uniquename=AppChannel" id.parentappmoduleid.uniquename="sp_TFLObservation" id.settingdefinitionid.uniquename="AppChannel" />
      </MissingDependency>
    </MissingDependencies>
  </SolutionManifest>
</ImportExportXml>