{
  "properties": {
    "connectionReferences": {
      "shared_commondataserviceforapps": {
        "runtimeSource": "embedded",
        "connection": {
          "connectionReferenceLogicalName": "sp_sharedcommondataserviceforapps_9e377"
        },
        "api": {
          "name": "shared_commondataserviceforapps"
        }
      }
    },
    "definition": {
      "$schema": "https://schema.management.azure.com/providers/Microsoft.Logic/schemas/2016-06-01/workflowdefinition.json#",
      "contentVersion": "1.0.0.0",
      "parameters": {
        "$connections": {
          "defaultValue": {},
          "type": "Object"
        },
        "$authentication": {
          "defaultValue": {},
          "type": "SecureObject"
        },
        "EmailUserGUID (sp_EmailUserGUID)": {
          "defaultValue": "aa2c7867-9487-ef11-ac21-000d3a0ab25a",
          "type": "String",
          "metadata": {
            "schemaName": "sp_EmailUserGUID"
          }
        }
      },
      "triggers": {
        "When_a_row_is_added,_modified_or_deleted": {
          "metadata": {
            "operationMetadataId": "58908bb6-4084-4457-ab42-fef1e89bf405"
          },
          "type": "OpenApiConnectionWebhook",
          "inputs": {
            "host": {
              "connectionName": "shared_commondataserviceforapps",
              "operationId": "SubscribeWebhookTrigger",
              "apiId": "/providers/Microsoft.PowerApps/apis/shared_commondataserviceforapps"
            },
            "parameters": {
              "subscriptionRequest/message": 1,
              "subscriptionRequest/entityname": "incident",
              "subscriptionRequest/scope": 4,
              "subscriptionRequest/filterexpression": "(_sp_observationid_value ne null and caseorigincode eq 778390001)"
            },
            "authentication": "@parameters('$authentication')"
          }
        }
      },
      "actions": {
        "Check_Origin_is_Observation_and_Observation_is_not_null": {
          "actions": {
            "Get_Observation": {
              "runAfter": {},
              "metadata": {
                "operationMetadataId": "7f8f9e22-1931-45a5-90f1-55062f89ee46"
              },
              "type": "OpenApiConnection",
              "inputs": {
                "host": {
                  "connectionName": "shared_commondataserviceforapps",
                  "operationId": "GetItem",
                  "apiId": "/providers/Microsoft.PowerApps/apis/shared_commondataserviceforapps"
                },
                "parameters": {
                  "entityName": "sp_observations",
                  "recordId": "@triggerOutputs()?['body/_sp_observationid_value']"
                },
                "authentication": "@parameters('$authentication')"
              }
            },
            "Create_Email": {
              "runAfter": {
                "Get_Case": [
                  "Succeeded"
                ]
              },
              "metadata": {
                "operationMetadataId": "7318a671-97c3-4901-ac37-f2e40fd24e70"
              },
              "type": "OpenApiConnection",
              "inputs": {
                "host": {
                  "connectionName": "shared_commondataserviceforapps",
                  "operationId": "CreateRecord",
                  "apiId": "/providers/Microsoft.PowerApps/apis/shared_commondataserviceforapps"
                },
                "parameters": {
                  "entityName": "emails",
                  "item/activitypointer_activity_parties": [
                    {
                      "participationtypemask": 1,
                      "partyid@odata.bind": "systemusers(@{outputs('ComposeFROM')})"
                    },
                    {
                      "participationtypemask": 2,
                      "partyid@odata.bind": "systemusers(@{outputs('ComposeTO')})"
                    }
                  ],
                  "item/description": "@outputs('Compose_Description_')",
                  "item/directioncode": true,
                  "item/regardingobjectid_incident_email@odata.bind": "incidents(@{triggerOutputs()?['body/incidentid']})",
                  "item/subject": "New Case @{outputs('Get_Case')?['body/ticketnumber']}  has been Created With reference to Observation"
                },
                "authentication": "@parameters('$authentication')"
              }
            },
            "Compose_Description_": {
              "runAfter": {
                "ComposeFROM": [
                  "Succeeded"
                ]
              },
              "metadata": {
                "operationMetadataId": "a4017706-ddd1-446e-a869-5d3b176b746e"
              },
              "type": "Compose",
              "inputs": "Your Observation is Escalated as CASE.\nObservation Details.\nObservation Number :@{outputs('Get_Observation')?['body/sp_observationnumber']}.\nObservation Title : @{outputs('Get_Observation')?['body/sp_observationtitle']}.\nLocation : @{outputs('Get_Observation')?['body/sp_location']}\nDescription : @{outputs('Get_Observation')?['body/sp_description']}\n"
            },
            "ComposeTO": {
              "runAfter": {
                "Get_Observation": [
                  "Succeeded"
                ]
              },
              "metadata": {
                "operationMetadataId": "0677782c-5094-4b50-bf1b-4baebfc19273"
              },
              "type": "Compose",
              "inputs": "@outputs('Get_Observation')?['body/_createdby_value']"
            },
            "ComposeFROM": {
              "runAfter": {
                "ComposeTO": [
                  "Succeeded"
                ]
              },
              "metadata": {
                "operationMetadataId": "e00d6aa2-084d-40ef-bc64-1b22910944be"
              },
              "type": "Compose",
              "inputs": "@parameters('EmailUserGUID (sp_EmailUserGUID)')"
            },
            "Perform_a_bound_action": {
              "runAfter": {
                "Create_Email": [
                  "Succeeded"
                ]
              },
              "metadata": {
                "operationMetadataId": "6311d014-9f38-4508-9c3a-1ee4480cb2d8"
              },
              "type": "OpenApiConnection",
              "inputs": {
                "host": {
                  "connectionName": "shared_commondataserviceforapps",
                  "operationId": "PerformBoundAction",
                  "apiId": "/providers/Microsoft.PowerApps/apis/shared_commondataserviceforapps"
                },
                "parameters": {
                  "entityName": "emails",
                  "actionName": "Microsoft.Dynamics.CRM.SendEmail",
                  "recordId": "@outputs('Create_Email')?['body/activityid']",
                  "item/IssueSend": true
                },
                "authentication": "@parameters('$authentication')"
              }
            },
            "Get_Case": {
              "runAfter": {
                "Compose_Description_": [
                  "Succeeded"
                ]
              },
              "metadata": {
                "operationMetadataId": "26fc8ea8-224f-4fa3-a946-30a2a3fad3c2"
              },
              "type": "OpenApiConnection",
              "inputs": {
                "host": {
                  "connectionName": "shared_commondataserviceforapps",
                  "operationId": "GetItem",
                  "apiId": "/providers/Microsoft.PowerApps/apis/shared_commondataserviceforapps"
                },
                "parameters": {
                  "entityName": "incidents",
                  "recordId": "@triggerOutputs()?['body/incidentid']",
                  "$select": "ticketnumber"
                },
                "authentication": "@parameters('$authentication')"
              }
            }
          },
          "runAfter": {},
          "expression": {
            "and": [
              {
                "not": {
                  "equals": [
                    "@triggerOutputs()?['body/_sp_observationid_value']",
                    "@null"
                  ]
                }
              },
              {
                "not": {
                  "equals": [
                    "@triggerOutputs()?['body/_sp_observationid_value']",
                    ""
                  ]
                }
              },
              {
                "equals": [
                  "@triggerOutputs()?['body/caseorigincode']",
                  778390001
                ]
              }
            ]
          },
          "metadata": {
            "operationMetadataId": "0aad2a9a-903d-48cc-9782-99e144baf259"
          },
          "type": "If"
        }
      }
    },
    "templateName": ""
  },
  "schemaVersion": "1.0.0.0"
}